{"cameraMode":{"drawMode":0,"name":"Shaded","section":"Shading Mode"},"sceneLighting":false,"audioPlay":false,"sceneViewState":{"m_AlwaysRefresh":false,"showFog":true,"showSkybox":false,"showFlares":true,"showImageEffects":true,"showParticleSystems":true,"showVisualEffectGraphs":true,"m_FxEnabled":true},"in2DMode":false,"pivot":{"x":0.0302121639251709,"y":-1.7881393432617188e-7,"z":-0.06431975215673447},"rotation":{"x":0.07554920762777329,"y":0.4920588731765747,"z":0.0429251566529274,"w":-0.8662291169166565},"size":0.7321702241897583,"orthographic":true}